id_tipo_veiculo,id_marca_veiculo,modelo
1,24,Integra
1,24,Legend
1,24,Nsx
1,26,Marrua
1,27,145
1,27,147
1,27,155
1,27,156
1,27,164
1,27,166
1,27,2300
1,27,Spider
1,135,Hummer
1,15,Am-825
1,15,Hi-Topic
1,15,Rocsta
1,15,Topic
1,15,Towner
1,30,100
1,30,80
1,30,A1
1,30,A3
1,30,A4 Sedan
1,30,A5 Coupe
1,30,A6 Sedan
1,30,A7
1,30,A8
1,30,Q3
1,30,Q5
1,30,Q7
1,30,R8
1,30,Rs3
1,30,Rs4
1,30,Rs5
1,30,Rs6
1,30,S3
1,30,S4 Sedan
1,30,S6 Sedan
1,30,S8
1,30,Tt
1,30,Tts
1,136,Buggy
1,134,Deville
1,134,Eldorado
1,134,Seville
1,37,Javali
1,6,Mini Star Family
1,6,Mini Star Utility
1,41,Cielo
1,41,Face
1,41,Qq
1,41,S-18
1,41,Tiggo
1,18,300C
1,18,Caravan
1,18,Cirrus
1,18,Gran Caravan
1,18,Le Baron
1,18,Neon
1,18,Pt Cruiser
1,18,Sebring
1,18,Stratus
1,18,Town E Country
1,18,Vision
1,5,Aircross
1,5,Ax
1,5,Berlingo
1,5,Bx
1,5,C3
1,5,C4
1,5,C5
1,5,C6
1,5,C8
1,5,Ds3
1,5,Evasion
1,5,Jumper
1,5,Xantia
1,5,Xm
1,5,Xsara
1,5,Zx
1,44,Cl-244
1,44,Cl-330
1,45,Espero
1,45,Lanos
1,45,Leganza
1,45,Nubira
1,45,Prince
1,45,Racer
1,45,Super Salon
1,45,Tico
1,46,Applause
1,46,Charade
1,46,Cuore
1,46,Feroza
1,46,Gran Move
1,46,Move Van
1,46,Terios
1,17,Avenger
1,17,Dakota
1,17,Journey
1,17,Ram
1,17,Stealth
1,54,M-100
1,54,Plutus
1,54,Start
1,54,Ulc
1,55,Engesa
1,56,Camper
1,56,Master
1,9,348
1,9,355
1,9,360
1,9,456
1,9,550
1,9,575M
1,9,612
1,9,California
1,9,F430
1,9,F599
1,3,147
1,3,500
1,3,Brava
1,3,Bravo
1,3,Coupe
1,3,Doblo
1,3,Ducato Cargo
1,3,Duna
1,3,Elba
1,3,Fiorino
1,3,Freemont
1,3,Grand Siena
1,3,Idea
1,3,Linea
1,3,Marea
1,3,Oggi
1,3,Palio
1,3,Panorama
1,3,Premio
1,3,Punto
1,3,Siena
1,3,Stilo
1,3,Strada
1,3,Tempra
1,3,Tipo
1,3,Uno
1,12,Aerostar
1,12,Aspire
1,12,Belina
1,12,Club Wagon
1,12,Contour
1,12,Corcel Ii
1,12,Courier
1,12,Crown Victoria
1,12,Del Rey
1,12,Ecosport
1,12,Edge
1,12,Escort
1,12,Expedition
1,12,Explorer
1,12,F-100
1,12,F-1000
1,12,F-150
1,12,F-250
1,12,Fiesta
1,12,Focus
1,12,Furglaine
1,12,Fusion
1,12,Ibiza
1,12,Ka
1,12,Mondeo
1,12,Mustang
1,12,Pampa
1,12,Probe
1,12,Ranger
1,12,Versailles Royale
1,12,Taurus
1,12,Thunderbird
1,12,Transit
1,12,Verona
1,12,Versailles
1,12,Windstar
1,1,A-10
1,1,A-20
1,1,Agile
1,1,Astra
1,1,Blazer
1,1,Bonanza
1,1,C-10
1,1,C-20
1,1,Calibra
1,1,Camaro
1,1,Caprice
1,1,Captiva
1,1,Caravan
1,1,Cavalier
1,1,Celta
1,1,Chevy
1,1,Cheynne
1,1,Cobalt
1,1,Corsa
1,1,Corvette
1,1,Cruze
1,1,D-10
1,1,D-20
1,1,Ipanema
1,1,Kadett
1,1,Lumina
1,1,Malibu
1,1,Meriva
1,1,Montana
1,1,Omega
1,1,Opala
1,1,Prisma
1,1,S10
1,1,Silverado
1,1,Sonic
1,1,Sonoma
1,1,Spacevan
1,1,Ss10
1,1,Suburban
1,1,Syclone
1,1,Tigra
1,1,Tracker
1,1,Trafic
1,1,Vectra
1,1,Veraneio
1,1,Zafira
1,64,Hover
1,16,Br-800
1,16,Carajas
1,16,Tocantins
1,16,Xavante
1,16,Vip
1,65,Towner
1,7,Accord
1,7,City
1,7,Civic
1,7,Cr-V
1,7,Fit
1,7,Odyssey
1,7,Passport
1,7,Prelude
1,13,Accent
1,13,Atos
1,13,Azera
1,13,Coupe
1,13,Elantra
1,13,Excel
1,13,Galloper
1,13,Genesis
1,13,H1
1,13,H100
1,13,I30
1,13,Ix35
1,13,Matrix
1,13,Porter
1,13,Santa Fe
1,13,Scoupe
1,13,Sonata
1,13,Terracan
1,13,Trajet
1,13,Tucson
1,13,Veloster
1,13,Veracruz
1,71,Amigo
1,71,Hombre
1,71,Rodeo
1,14,J3
1,14,J5
1,14,J6
1,73,Daimler
1,73,S-Type
1,73,X-Type
1,73,Modelos Xj
1,73,Modelos Xk
1,74,Cherokee
1,74,Commander
1,74,Compass
1,74,Grand Cherokee
1,74,Wrangler
1,75,Topic Van
1,76,Jipe Montez
1,76,Picape Montez
1,15,Besta
1,15,Bongo
1,15,Cadenza
1,15,Carens
1,15,Carnival
1,15,Cerato
1,15,Ceres
1,15,Clarus
1,15,Magentis
1,15,Mohave
1,15,Opirus
1,15,Optima
1,15,Picanto
1,15,Sephia
1,15,Shuma
1,15,Sorento
1,15,Soul
1,15,Sportage
1,81,Laika
1,81,Niva
1,81,Samara
1,11,Gallardo
1,11,Murcielago
1,83,Defender
1,83,Discovery
1,83,Freelander
1,83,New Range
1,83,Range Rover
1,84,Es
1,84,Gs
1,84,Is-300
1,84,Ls
1,84,Rx
1,84,Sc
1,85,320
1,85,620
1,87,H1
1,88,Elan
1,88,Esprit
1,89,Scorpio
1,90,222
1,90,228
1,90,3200
1,90,430
1,90,Coupe
1,90,Ghibli
1,90,Grancabrio
1,90,Gransport
1,90,Granturismo
1,90,Quattroporte
1,90,Shamal
1,90,Spider
1,91,Pick-Up
1,93,323
1,93,626
1,93,929
1,93,B-2500
1,93,B2200
1,93,Millenia
1,93,Mpv
1,93,Mx-3
1,93,Mx-5
1,93,Navajo
1,93,Protege
1,93,Rx
1,4,Classe A
1,4,Classe B
1,4,Classe R
1,4,Classe Glk
1,4,Sprinter
1,95,Mystique
1,95,Sable
1,97,550
1,97,Mg6
1,98,Cooper
1,98,One
1,96,3000
1,96,Airtrek
1,96,Asx
1,96,Colt
1,96,Diamant
1,96,Eclipse
1,96,Expo
1,96,Galant
1,96,Grandis
1,96,L200
1,96,L300
1,96,Lancer
1,96,Mirage
1,96,Montero
1,96,Outlander
1,96,Pajero
1,96,Space Wagon
1,99,Bg-Truck
1,38,350Z
1,38,Altima
1,38,Ax
1,38,D-21
1,38,Frontier
1,38,King-Cab
1,38,Livina
1,38,March
1,38,Maxima
1,38,Murano
1,38,Nx
1,38,Pathfinder
1,38,Primera
1,38,Quest
1,38,Sentra
1,38,Stanza
1,38,180Sx
1,38,Terrano
1,38,Tiida
1,38,Versa
1,38,X-Trail
1,38,Xterra
1,38,Zx
1,21,106
1,21,205
1,21,206
1,21,207
1,21,3008
1,21,306
1,21,307
1,21,308
1,21,405
1,21,406
1,21,407
1,21,408
1,21,504
1,21,505
1,21,508
1,21,605
1,21,607
1,21,806
1,21,807
1,21,Boxer
1,21,Hoggar
1,21,Partner
1,21,Rcz
1,108,Gran Voyager
1,108,Sundance
1,60,Trans-Am
1,60,Trans-Sport
1,61,911
1,61,Boxster
1,61,Cayenne
1,61,Cayman
1,61,Panamera
1,23,21 Sedan
1,23,Clio
1,23,Duster
1,23,Express
1,23,Fluence
1,23,Kangoo
1,23,Laguna
1,23,Logan
1,23,Master
1,23,Megane
1,23,Safrane
1,23,Sandero
1,23,Scenic
1,23,Symbol
1,23,Trafic
1,23,Twingo
1,120,9000
1,139,Sl-2
1,114,Cordoba
1,114,Ibiza
1,114,Inca
1,124,Fortwo
1,20,Actyon Sports
1,20,Chairman
1,20,Istana
1,20,Korando
1,20,Kyron
1,20,Musso
1,20,Rexton
1,8,Forester
1,8,Impreza
1,8,Legacy
1,8,Outback
1,8,Svx
1,8,Tribeca
1,8,Vivio
1,52,Baleno
1,52,Grand Vitara
1,52,Ignis
1,52,Jimny
1,52,Super Carry
1,52,Swift
1,52,Sx4
1,52,Vitara
1,52,Wagon R
1,128,Stark
1,22,Avalon
1,22,Bandeirante
1,22,Camry
1,22,Celica
1,22,Corolla
1,22,Corona
1,22,Hilux
1,22,Land Cruiser
1,22,Mr-2
1,22,Paseo
1,22,Previa
1,22,Rav4
1,22,Supra
1,131,Pantanal
1,131,T-4
1,47,400 Series
1,47,850
1,47,900 Series
1,2,Amarok
1,2,Apollo
1,2,Bora
1,2,Caravelle
1,2,Corrado
1,2,Eos
1,2,Eurovan
1,2,Fox
1,2,Fusca
1,2,Gol
1,2,Golf
1,2,Jetta
1,2,Kombi
1,2,Logus
1,2,Parati
1,2,Passat
1,2,Pointer
1,2,Polo
1,2,Santana
1,2,Saveiro
1,2,Spacefox
1,2,Tiguan
1,2,Touareg
1,2,Voyage
1,24,Zdx
1,3,140
1,2,Brasilia
1,12,Brasilvan
1,12,Corcel
1,3,Palio Weekend
1,12,Focus Sedan
1,12,Fiesta Sedan
1,12,Fiesta Trail
1,21,207 Sw
1,12,Escort Sw
1,21,307 Sedan
1,21,307 Sw
1,5,C4 Pallas
1,5,C4 Picasso
1,5,C4 Vtr
1,23,Clio Sedan
1,22,Corolla Fielder
1,22,Hilux Sw4
1,23,Megane Grand Tour
1,23,Sandero Stepway
1,5,Xsara Picasso
1,115,Colheitadeira
1,137,Pickup F75
1,16,X12
1,1,Bel Air
1,33,Rx
1,1,C-14
1,134,Srx4
1,1,C-15
1,1,Brasil
1,17,Polara
1,3,600
1,12,F-01
1,12,Falcon
1,12,Galaxie
1,12,Maverick
1,12,Modelo A
1,12,New Fiesta
1,69,Linha Fx
1,109,Gts
1,68,H3
1,13,Prime
1,13,Tiburon
1,74,Jeep
1,74,Cj5
1,205,Tc
1,4,Classe Clc
1,4,Classe Cls
1,95,Monterey
1,99,Topsport
1,99,Targa
1,99,X8
1,38,370Z
1,109,Gtb
1,109,Gtc
1,109,Gte
1,100,Austin
1,23,7Tl
1,23,19
1,145,Conversï¿½vel
1,16,Supermini
1,2,Tl
1,3,Topolino
1,22,Sr5
1,22,Vitz
1,2,Variant
1,51,Candango
1,2,Sp2
1,212,Recorb
1,2,Polauto
1,23,Gordini
1,215,Minx
1,22,Etios
1,1,Onix
1,13,Hb20
1,33,330
1,33,520
1,33,730
1,33,M1
1,33,Serie Z
1,4,Classe Slk
1,4,Classe C
1,4,Classe E
1,4,Classe Cl
1,4,Classe Clk
1,4,Classe S
1,4,Classe Sl
1,4,Classe Sls
1,4,Classe G
1,4,Classe Gl
1,4,Classe M
1,226,1500
1,13,Equus
1,11,350 Gt
1,11,400 Gt
1,11,Miura
1,11,Islero
1,11,Espada
1,11,Countach
1,11,Diablo
1,11,Zagato
1,11,Alar
1,11,Lm002
1,11,Reventon
1,11,Ankonian
1,11,Aventador
1,11,Sesto Elemento
1,14,J3 Turin
1,14,J2
1,23,Sandero Gt
1,1,Spin
1,1,Trailblazer
1,5,C3 Picasso
1,5,Grand C4 Picasso
1,5,Jumper Minibus
1,5,Jumper Vetrato
1,21,207 Sedan
1,21,207 Quiksilver
1,21,207 Escapade
1,21,308 Cc
1,21,Boxer Passageiro
1,12,New Fiesta Sedan
1,12,Transit Passageiro
1,12,Transit Chassi
1,30,A4 Avant
1,30,S4 Avant
1,30,A5 Sportback
1,30,A5 Cabriolet
1,30,S5 Coupe
1,30,S5 Sportback
1,30,S5 Cabriolet
1,30,A6 Avant
1,30,A6 Allroad
1,30,S6 Avant
1,30,S7
1,30,Tt Roadster
1,30,Tt Rs
1,30,Tt Rs Roadster
1,30,Tts Roadster
1,30,R8 Spyder
1,30,R8 Gt
1,30,R8 Gt Spyder
1,9,F12
1,9,458 Spider
1,9,458 Italia
1,9,Ff
1,9,599
1,9,Sa
1,9,Challenge
1,9,Superamerica
1,9,F430 Spider
1,9,430
1,9,612 Sessanta
1,9,599 Gtb
1,9,Scuderia Spider
1,9,512
1,9,456 Gt
1,9,348 Gts
1,9,348 Spider
1,9,F355
1,9,F355 Spider
1,9,F50
1,9,355 Spider
1,9,360 Modena
1,96,Pajero Full
1,96,Pajero Dakar
1,96,Pajero Tr4
1,96,Lancer Sportback
1,96,Lancer Evolution
1,96,L200 Triton Savana
1,96,L200 Triton
1,38,Livina X-Gear
1,38,Grand Livina
1,20,New Actyon Sports
1,22,Prius
1,99,Sport
1,99,Mts
1,99,Spider
1,99,Kabrio
1,99,Saga
1,99,Saga Ii
1,99,787
1,99,X11
1,229,Gaiola
1,17,Nitro
1,17,Challenger
1,17,Dart
1,17,Le Baron
1,17,Cordoba
1,17,Charger
1,18,Windsor
1,18,Crossfire
1,18,Cordoba
1,134,Escalade
1,36,Riviera
1,36,Coupe
1,36,Century
1,36,Apollo
1,36,Centurion
1,36,Eight
1,36,Electra
1,36,Estate Wagon
1,36,Gran Sport
1,36,Gsx
1,36,Invicta
1,36,Lesabre
1,36,Limited
1,36,Park Avenue
1,36,Rainier
1,36,Reatta
1,36,Regal
1,36,Rendezvous
1,36,Roadmaster
1,36,Royaum
1,36,Skyhawk
1,36,Skylark
1,36,Somerset
1,36,Special
1,36,Sport Wagon
1,36,Super
1,36,Terraza
1,36,Wildcat
1,36,Lacrosse
1,36,Enclave
1,36,Gl8
1,36,Hrv
1,36,Lucerne
1,12,Sierra
1,45,Brougham
1,45,Chairman
1,45,Damas
1,45,Gentra
1,45,Maepsy
1,45,Istana
1,45,Kalos
1,45,Korando
1,45,Lacetti
1,45,Lemans
1,45,Matiz
1,45,Musso
1,45,Nexia
1,45,Rezzo
1,45,Royale Prince
1,45,Royale Salon
1,45,Statesman
1,45,Tosca
1,45,Winstorm
1,137,Rural
1,17,D100
1,4,170
1,17,Custom Royal
1,1,Club Coupe
1,17,Magnum
1,1,Gmc 100
1,60,Solstice
1,137,Itamaraty
1,73,Mark V
1,109,Gt
1,127,Champion
1,3,Balilla
1,137,Interlagos
1,16,X15
1,12,F-85
1,61,Speedster 356
1,75,Topic Furgao
1,75,Topic Escolar
1,4,300D
1,4,Classe Te
1,22,T-100
1,23,Megane Sedan
1,30,A4 Cabriolet
1,69,Linha G
1,69,Linha G Coupe
1,69,Linha G Conversivel
1,69,Linha M
1,69,Linha Ex
1,69,Linha Jx
1,69,Linha Qx
1,73,Modelos Xf
1,73,F-Type
1,73,Mark Vii
1,73,Mark Viii
1,73,Mark Ix
1,73,Mark X
1,73,E-Type
1,73,C-Type
1,73,D-Type
1,73,Mark I
1,73,Mark Ii
1,109,Gt4R
1,109,Spyder
1,109,Gti
1,109,Am1
1,109,Am2
1,109,Am3
1,109,Am4
1,109,Amv
1,7,Acty
1,7,Airwave
1,7,Ascot
1,7,Ballade
1,7,Beat
1,7,Cr-X
1,7,Concerto
1,7,Cr-Z
1,7,Domani
1,7,Edix
1,7,Element
1,7,Ev Plus
1,7,Fcx
1,7,Fr-V
1,7,Hr-V
1,7,Hsc
1,7,Insight
1,24,Tl
1,7,Life Dunk
1,7,Logo
1,7,Mobilio
1,24,Mdx
1,7,Orthia
1,7,Partner Van
1,7,Pilot
1,7,Ridgeline
1,7,S2000
1,7,S600
1,7,S500
1,7,S800
1,7,Stepwgn
1,7,Stream
1,7,Thats
1,7,Vamoz
1,7,Z
1,7,Zest
1,52,Aerio
1,52,Alto
1,52,Apv
1,52,Kei
1,52,Lapin
1,52,Mr Wagon
1,52,Xl-7
1,52,Verona
1,137,Jeep Cj
1,21,306 Cabriolet
1,51,Belcar
1,77,M715
1,21,407 Sw
1,21,307 Cc
1,1,Styleline
1,12,Anglia
1,25,Gt2
1,1,Yukon
1,48,Sportsman
1,23,21 Nevada
1,10,Veyron
1,9,Enzo
1,21,306 Sw
1,27,Ti 80
1,61,Spyder 550
1,9,380 Gtb
1,131,T-5
1,17,Kingsway
1,1,Ssr
1,1,Impala
1,21,208
1,1,Grand Blazer
1,47,100 Series
1,47,200 Series
1,47,300 Series
1,47,66
1,47,700 Series
1,47,Amazon
1,47,C303
1,47,Duett
1,47,L3314
1,47,Ov 4
1,47,P1800
1,47,Sugga
1,12,Tt
1,5,Once
1,12,De Luxe
1,12,Custom
1,12,T-Bucket
1,16,G15
1,96,Pajero Full 3D
1,96,Pajero Sport
1,33,120 Cabrio
1,33,320 Touring
1,33,330 Cabrio
1,33,Serie 5 Touring
1,33,Serie 6 Cabrio
1,33,Serie M Conversivel
1,33,M5 Touring
1,33,Serie Z Roadster
1,12,Ka Sport
1,2,Cc
1,15,Cerato Koup
1,1,Astro
1,22,Corolla Xrs
1,22,Etios Sedan
1,12,Freestyle
1,95,Cougar
1,89,Xuv 500
1,89,Xylo
1,89,Bolero
1,89,Thar
1,89,Axe
1,89,Legend
1,74,Cj3
1,89,Armada
1,89,Chassi
1,89,Scorpio Pick-Up
1,6,Star Truck
1,6,Star
1,6,Star Van Cargo
1,6,Star Van Passageiros
1,123,Alvorada
1,123,Chambord
1,123,Profissional
1,123,Vedette
1,123,Aronde
1,123,1200S
1,123,1000
1,13,Hb20X
1,13,Hb20S
1,1,Monza
1,1,Chevette
1,85,X60
1,1,Trax
1,33,118
1,33,120
1,33,130
1,33,Bavaria
1,33,C-2800
1,33,318
1,33,320
1,33,318 Cabrio
1,33,325 Cabrio
1,33,530
1,33,540
1,33,550
1,33,740
1,33,750
1,33,760
1,234,Matrix 4X4
1,116,A7
1,116,A9
1,116,A9 Cargo
1,116,T20
1,116,T20 Bau
1,116,T22
1,56,Super 90 Coupe
1,16,X20
1,16,Itaipu
1,16,G800
1,16,Xef
1,16,Motomachine
1,16,Bugato
1,16,Qt
1,51,Caicara
1,51,Carcara
1,51,Fissore
1,51,Malzoni
1,51,Vemaguet
1,5,C4 Lounge
1,93,Cx-7
1,129,Tr
1,129,Lucena
1,129,Sevetse
1,129,Ragge
1,47,C70
1,47,C30
1,47,544
1,47,S40
1,47,S60
1,47,S70
1,47,S80
1,47,V40
1,47,V50
1,47,V60
1,47,V70
1,47,S90
1,47,Xc60
1,47,Xc70
1,47,Xc90
1,47,P1900
1,47,Pv36
1,47,Pv444
1,47,Pv544
1,47,Pv51
1,47,Pv654
1,47,C50
1,4,190
1,4,Classe Cla
1,4,Classe V
1,4,Vaneo
1,4,Citan
1,4,Vario
1,4,Classe S Classico
1,14,J3S
1,238,Pick-Up
1,238,Van
1,5,C3 Solaris
1,5,C3 Xtr
1,5,C4 Solaris
1,5,C5 Break/Tourer
1,5,Xsara Break
1,5,Xsara Vts
1,5,Xantia Break
1,5,Xm Break
1,5,C15
1,5,Nemo
1,5,Visa
1,5,C1
1,5,C2
1,5,C3 Pluriel
1,5,Ds4
1,5,Ds5
1,5,Jumpy
1,5,C-Crosser
1,5,C35
1,5,C25
1,5,Cx
1,5,Cx Break
1,5,Axel
1,5,Dyane
1,5,Gs/Gsa
1,5,Gs/Gsa Break
1,5,Mehari
1,5,Saxo
1,5,Sm
1,5,Elysee
1,23,Master Minibus
1,41,Celer
1,41,Celer Sedan
1,41,Cielo Sedan
1,30,A1 Sportback
1,30,A1 Quattro
1,30,A3 Sportback
1,30,Rs4 Avant
1,30,A8L W12
1,30,R8 V10
1,12,Ranger Cd
1,14,T140
1,33,X1
1,33,X3
1,33,X5
1,33,X6
1,33,840
1,33,850
1,33,645
1,33,650
1,7,Fit Twist
1,239,Mp4
1,239,F1
1,12,Mondeo Sw
1,12,Escort Sedan
1,12,Escort Conversivel
1,93,Mx-6
1,1,Corisco
1,1,Chevelle
1,12,Excursion
1,2,Touran
1,12,F-10000
1,21,Hoggar Escapade
1,12,Phaeton
1,2,Transporter
1,15,Grand Besta
1,38,200Sx
1,38,240Sx
1,18,300M
1,18,300C Touring
1,12,Torino
1,1,Venture
1,1,Fleetline
1,1,Fleetmaster
1,1,Deluxe
1,12,Escort Xr3
1,1,Master
1,105,Toronado
1,105,Six
1,105,Eight
1,105,Deluxe
1,105,Series 60
1,105,Series 70
1,105,Series 80
1,105,Series 90
1,105,Starfire
1,105,442
1,105,Cutlass
1,105,Cutlass Supreme
1,105,Cutlass Salon
1,105,Cutlass Calais
1,105,Cutlass Ciera
1,105,Custom Cruiser
1,105,Vista Cruiser
1,105,F-85
1,105,Firenza
1,105,Achieva
1,105,Alero
1,105,Aurora
1,105,Bravada
1,105,Intrigue
1,105,Silhouette
1,108,Superbird
1,108,Fury
1,108,Special
1,108,Prowler
1,108,Trail Duster
1,108,Voyager
1,108,Scamp
1,108,Arrow
1,108,Pt50
1,108,Pt57
1,108,Pt81
1,108,Pt105
1,108,Pt125
1,108,Express
1,108,Voyager Expresso
1,108,Neon
1,108,Laser
1,108,Caravelle
1,108,Station Wagon
1,108,Model Q
1,108,Model P6
1,29,Db9 Coupe
1,29,Db9 Volante
1,29,Virage Coupe
1,29,Rapide S
1,29,V12 Vantage
1,29,V8 Vantage Coupe
1,29,V8 Vantage Roadster
1,29,V8 Vantage S Coupe
1,29,V8 Vantage S Roadster
1,29,Vanquish Coupe
1,29,Vanquish Volante
1,29,V12 Zagato
1,29,Db5
1,29,Dbs
1,29,Dbs Volante
1,29,Cygnet
1,29,One-77
1,29,Dbr9
1,33,M3
1,33,M5
1,33,M6
1,33,X6 M
1,98,Cabrio
1,98,Coupe
1,98,Roadster
1,98,Countryman
1,98,Paceman
1,98,John Cooper Works
1,107,Zonda
1,8,New Xv
1,8,Impreza Wrx Hatch
1,8,Impreza Wrx Sti Hatch
1,8,Impreza Wrx Sti Sedan
1,8,Impreza Wrx Sedan
1,22,Etios Cross
1,11,Huracan
1,2,Up
1,164,Explorer
1,124,Fortwo Cabrio
1,25,Gt
1,25,Gtl
1,25,Gtm
1,25,C2
1,25,Crx
1,25,Ac 2000
1,86,Aviator
1,86,Blackwood
1,86,Capri
1,86,Continental
1,86,Ls
1,86,Mark
1,86,Mark Lt
1,86,Mkr
1,86,Mks
1,86,Mkx
1,86,Mkz
1,86,Navigator
1,86,Premiere
1,86,Town Car
1,86,Versailles
1,86,Zephyr
1,1,Classic
1,20,Actyon
1,1,Marajo
1,1,Suprema
1,2,New Beetle
1,2,Quantum
1,2,Crossfox
1,3,Mille
1,249,Gc2
1,249,Ec7
1,85,530
1,3,Mobi
1,3,Toro
1,74,Renegade
1,23,Duster Oroch
1,23,Sandero Rs
1,13,Hb20R
1,13,Grand Santa Fe
1,2,Golf Variant
1,2,Space Cross
1,21,2008
1,15,Quoris
1,15,Grand Carnival
1,14,T8
1,14,T6
1,14,T5
1,12,Ka Sedan
1,12,Focus Fastback
2,7,Biz
2,7,Cb 300R
2,7,Cb 400
2,7,Cb 500
2,7,Cb 600 Hornet
2,7,Cbr 1000F
2,7,Fireblade Cbr
2,7,Cbr 450
2,7,Cbr 600
2,7,Twister Cbx 250
2,7,Cbx 750F
2,7,Cg Fan
2,7,Cg Titan
2,118,Crypton T115
2,117,Crz
2,52,V-Strom Dl
2,118,Dt 200
2,26,Elefantre
2,122,Future
2,119,Gr 500
2,119,Gri 50
2,52,Gsx
2,52,Gsx-R Gixxer/Srad
2,118,Fazer Ys250
2,118,Factor Ybr125
2,118,Yzf R1
2,118,Virago 250
2,26,City
2,26,Dakar
2,26,Elefant
2,26,Force
2,26,Junior
2,26,Sst
2,26,Super City
2,26,Sxt
2,26,Tchau
2,147,Ame-110
2,147,Ame-150
2,147,Ame-250
2,147,Ame-Lx
2,148,Area-51
2,148,Classic
2,148,Leonardo
2,148,Moto
2,148,Pegaso
2,148,Rally
2,148,Rs
2,148,Rsv Mille
2,148,Rx
2,148,Scarabeo
2,148,Sonic
2,148,Sr Racing
2,148,Sr Www
2,149,Califfone
2,149,Master
2,149,Skegia
2,150,Champion
2,150,Classic
2,151,Tnt
2,151,Tre
2,152,Mx-50
2,153,Db4
2,153,Db5R
2,153,Db6
2,153,Db6R
2,153,Db7
2,153,Mantra
2,153,Sbr8
2,153,Tesi
2,33,G650Gs
2,33,S1000Rr
2,154,Elegant
2,154,Fosti
2,154,Pista
2,154,Turbo
2,154,Zanella
2,155,Yb
2,156,Can-Am
2,157,1125
2,157,Firebolt
2,157,Lightning
2,157,Ulysses
2,158,Jbr
2,159,Canyon
2,159,Elefant
2,159,Gran Canyon
2,159,Mito
2,159,Navigator
2,159,Planet
2,159,Roadster
2,159,V-Raptor
2,159,W-16
2,160,Mobilete
2,161,Altino
2,161,Message
2,161,Vc
2,161,Vf
2,161,Vs
2,161,Vt
2,161,Vx
2,162,Apache
2,162,Citycom
2,162,Kansas
2,162,Laser
2,162,Next
2,162,Riva
2,162,Roadwin
2,162,Smart
2,162,Speed
2,162,Super
2,162,Zig
2,163,Dy100-31
2,163,Dy110-20
2,163,Dy125-18
2,163,Dy125-36A
2,163,Dy125-37
2,163,Dy125-5
2,163,Dy125-52
2,163,Dy150-12
2,163,Dy200
2,164,Summer
2,164,Dy125-8
2,164,Space
2,164,Phanton
2,164,City
2,164,Dy150Gy
2,164,Cargo 150
2,164,Cargo 200
2,164,Dy250-2
2,165,Atlantis
2,165,Gpr
2,165,Predator
2,165,Red Bullet
2,165,Replicas
2,165,Senda
2,166,1098
2,166,1198
2,166,749
2,166,848
2,166,996
2,166,998
2,166,999
2,166,999R
2,166,Desmosedici
2,166,Diavel
2,166,Hypermotard
2,166,Monster
2,166,Multistrada
2,166,Sportclassic
2,166,Ss
2,166,St-2
2,166,St-4
2,166,Streetfighter
2,167,Mirage
2,167,One
2,167,One Racing
2,168,Fy100-10A
2,168,Fy125-19
2,168,Fy125-20
2,168,Fy125Ey-2
2,168,Fy125Y-3
2,168,Fy150-3
2,168,Fy150T-18
2,168,Fy250
2,119,Gr08T4
2,119,Gr 125S/St
2,119,Gr125T3
2,119,Gr125U
2,119,Gr 125Z
2,119,Gr 150P/Pi
2,119,Gr150St
2,119,Gr150T3
2,119,Gr150Ti
2,119,Gr150U
2,119,Gr250T3
2,169,Enducross
2,169,Rookie Enduro
2,169,Boy
2,169,Mc
2,169,Pampera
2,169,Tx Boy
2,169,Txt
2,169,Txt Rookie
2,170,Easy
2,170,Runner
2,170,Safari
2,170,Sport
2,171,Hb-110
2,171,Hb-125
2,171,Hb-150
2,172,Softail
2,172,Touring Road King
2,172,Touring Electra Glide
2,172,Dyna
2,172,V-Rod
2,173,Legion
2,174,Ankur
2,174,Puch
2,174,Stream
2,7,America
2,7,Cb 1000R
2,7,Cb 1300
2,7,Superblackbird Cbr 1100Xx
2,7,Cbr 250
2,7,Aero Cbx 150
2,7,Strada Cbx 200
2,7,Ch 125R
2,7,Cr 85
2,7,Gl Gold Wing
2,7,Lead
2,7,Magna Vf 750C
2,7,Nx 200/250
2,7,Nx 350 Sahara
2,7,Nx 400 Falcon
2,7,Nxr Bros
2,7,Pop 100
2,7,Super Hawk
2,7,Trx
2,7,Valkyrie
2,7,Vfr 1200
2,7,Vtx
2,7,Varadero Xl 1000V
2,7,Xl
2,7,Xl 700V Transalp
2,7,Xlr
2,7,Xlx
2,7,Vlr 350
2,7,Xr
2,7,Tornado Xr 250
2,7,Xre 300
2,175,Fe
2,176,Cr
2,176,Husqy
2,176,Sm
2,176,Smr
2,176,Tc
2,176,Te
2,176,Wr
2,176,Wre
2,177,Action
2,177,Brave
2,177,Matrix
2,177,Moving
2,177,One
2,177,Vintage
2,177,Warrior
2,178,Jp
2,179,Barhog
2,179,Prostreet
2,179,Spyder
2,180,Atlantic
2,180,Hype
2,180,Jonny
2,180,Orbit
2,180,Pegasus
2,180,Quick
2,180,Tr
2,181,Top
2,181,Dual
2,117,Comet Gt 650
2,117,Comet Gt-R 650
2,117,Cruise
2,117,Ero
2,117,Flash
2,117,Furia
2,117,Gf
2,117,Magik
2,117,Midas
2,117,Mirage
2,117,Motokar
2,117,Prima
2,117,Rx
2,117,Seta
2,117,Soft
2,117,Super Cab
2,117,Tn
2,117,Way
2,117,Win
2,143,Avajet
2,143,Concours
2,143,D-Tracker
2,143,Er-6N
2,143,Klx 110/140
2,143,Kx 100/125
2,143,Kz
2,143,Maxi
2,143,Ninja 250
2,143,Versys
2,143,Voyager
2,143,Vulcan
2,143,Zzr
2,182,Djw
2,182,Mboy
2,182,People
2,182,Zing
2,183,Akros
2,183,Ergon
2,183,Nix
2,184,Moto Truck
2,185,Quattor
2,186,Formigao
2,85,Cargo
2,187,De Luxe
2,187,E Retro
2,187,Ly
2,188,Triciclo
2,189,Ciak
2,189,Spider
2,190,Drago
2,190,Easy
2,190,Fast
2,190,Skema
2,190,Vite
2,191,California
2,191,Quota
2,191,V11
2,191,Le Mans
2,192,230R
2,193,Brutale
2,193,F4
2,194,Big Force
2,194,Black Star
2,194,Brx
2,194,Dual
2,194,Fenix Gold
2,194,Fox
2,194,Go
2,194,Halley
2,194,Fenix
2,194,Jurasic
2,194,Ma
2,194,Simba
2,194,Sport
2,194,Spyder
2,194,Street
2,194,Super
2,194,Xrt
2,195,Ax
2,195,Jc
2,195,Qm
2,196,Br Iii
2,21,Buxy
2,21,Elyseo
2,21,Scootelec
2,21,Speedake
2,21,Speedfight
2,21,Squab
2,21,Trekker
2,21,Vivacity
2,21,Zenith
2,197,Beverly
2,197,Liberty
2,197,Mp3
2,197,Nrg
2,197,Runner
2,197,Vespa
2,197,Zip
2,198,Black Jack
2,198,Fenix Gold
2,198,Ghost
2,198,Spyder
2,199,Enjoy
2,199,Husky
2,199,Passing
2,116,Racing 200
2,200,Scross
2,122,Akros
2,122,Ergon
2,122,Fifty
2,122,Hunter
2,122,Max
2,122,Palio
2,122,Pgo
2,122,Stx
2,122,Stx Motard
2,122,Super Fifty
2,122,Vblade
2,122,Web
2,122,Web Evo
2,52,Address
2,52,Bandit 250
2,52,Boulevard
2,52,Burgman An
2,52,Dr
2,52,Freewind 650
2,52,Gs 500
2,52,Gsr
2,52,Intruder
2,52,Katana
2,52,Lets Ii
2,52,Lt
2,52,Marauder Gz
2,52,Rf
2,52,Rm 250
2,52,Savage
2,52,Tl
2,52,Vx 800
2,201,Trimoto
2,202,Cj
2,202,Jh
2,202,Jl
2,202,Star 50
2,202,Work 125
2,202,Sky 125
2,202,Fly 135
2,202,Best
2,130,Adventurer
2,130,Bonneville
2,130,Daytona
2,130,Legend
2,130,Rocket
2,130,Scrambler
2,130,Speed Triple
2,130,Sprint
2,130,Street Triple
2,130,Thruxton
2,130,Thunderbird
2,130,Tiger
2,130,Trident
2,130,Trophy
2,130,Tt-600
2,203,Rebellian
2,203,Triton
2,203,Vthunder
2,204,Wy
2,118,Axis
2,118,Bws
2,118,Jog
2,118,Majesty
2,118,Mt-03
2,118,Neo At
2,118,Rd 135
2,118,Royal Star
2,118,Tdm
2,118,Tdr 180
2,118,Trx
2,118,Tt-R
2,118,V-Max 1200
2,118,Wr 250F
2,118,Xjr
2,118,Xt 660R
2,118,Xtz 125
2,118,Midnight Star Xvs
2,118,Yfs
2,52,Yes En 125
2,7,Shadow
2,208,Xm
2,210,Lambreta
2,217,Scooter
2,146,Atv
2,146,Jaguar
2,146,Rt
2,222,Zs 200
2,223,Bw 125
2,211,Kart
2,7,Dream
2,118,Rx
2,228,Walk Machine
2,7,Hero
2,7,Nc 700X
2,118,Drag Star
2,143,Baio
2,143,Kdx
2,52,B-King Gsx 1300
2,222,125 Zs
2,148,Sr
2,163,Dy50
2,180,Naked
2,180,Racer
2,180,Texas
2,7,Crf 110/150
2,118,Xj6
2,118,Lander Xtz 250
2,118,Alba
2,118,Frog
2,118,Libero
2,118,Gladiator
2,118,Mest
2,118,Eccy
2,118,Passol
2,118,Ec-02
2,118,Yz 85Lw
2,118,V-Star
2,118,Pas
2,118,Aerox
2,118,Morphous
2,118,Xf50X
2,118,Lagend
2,118,Tzr
2,118,Qt50
2,202,Shark
2,7,Fury
2,7,Stunner
2,7,Cb 50
2,7,Boldor Cb 900
2,7,Cbf 600
2,7,Cbr 400Rr
2,7,Cbx 1000
2,7,Cd 125
2,7,Ml 125
2,7,Nsr 500
2,7,Rc
2,7,Pan-European St
2,7,Turuna 125
2,7,Vtr
2,7,Africa Twin Xrv 750
2,230,Mz 250
2,230,Kapra
2,230,Rallye
2,230,Passeio
2,52,Bandit 400
2,52,Bandit 600
2,52,Bandit Gsf 750
2,52,Bandit 1200
2,52,Hayabusa
2,52,Intruder Custom
2,52,Rv
2,52,Sv
2,52,Marauder Vz
2,7,Cg Cargo/Job
2,26,Explorer
2,143,Eliminator
2,143,Gtr
2,143,Kle
2,143,Klr
2,143,Super Sherpa
2,143,Zrx
2,143,Zr
2,143,Ninja 1400
2,118,Fs1
2,171,Hb-50
2,7,Pc 50
2,7,Cg 125
2,7,Pacific Coast
2,7,Cg Today
2,52,Gt
2,118,Fzr1000
2,52,Gsi
2,181,Amazonas
2,7,Cb 125
2,116,Phoenix 50
2,116,Indianapolis 200
2,116,F35/F40
2,116,X2 250
2,116,Max 150
2,116,New Wave 125
2,116,Explorer 150
2,118,Xs400
2,118,Rd 350 Viuva Negra
2,116,Xy 250
2,52,Job
2,231,Red Hunter
2,231,W/Ng
2,231,M2F
2,231,Golden Arrow
2,52,Ae 50
2,89,Rodeo
2,89,Duro
2,7,Duty
2,233,150
2,234,Wake 500
2,234,Outcross
2,234,Joy Plus
2,234,Passion
2,234,Trend
2,234,Pit Bull
2,234,Bruttus
2,235,Ufo 50
2,235,Lf250St
2,235,Fox 150R
2,235,Lf400St
2,235,Vr 150 Wind
2,235,Hercules 200
2,235,Onix 50R
2,235,Hs 150 Fire
2,116,Jet 50
2,116,Retro 50
2,116,New 50
2,116,Eagle 50
2,116,Super Smart 50
2,116,New 200
2,116,Cargo 200
2,116,Bravo 200
2,116,Strong 250
2,116,Future 150
2,236,Kn 150
2,236,Kn 125 S
2,236,Kn 50 S
2,177,Izy 50
2,7,Pcx
2,33,Airhead
2,33,C1
2,33,F650Gs
2,33,F650Cs
2,33,F800Gs
2,33,K75
2,33,K100
2,33,K1200R
2,33,K1300R
2,33,K1200Gt
2,33,K1300Gt
2,33,K1200Gs
2,33,K1200S
2,33,R32
2,33,R51/3
2,33,R27
2,33,R60
2,33,R75
2,33,R75/5
2,33,R90S
2,33,R1200C
2,33,R1150Gs
2,33,R1200Rt
2,172,Sportster
2,172,Touring Street Glide
2,118,Xtz 250 Tenere
2,118,Xt 225
2,118,Xt 660Z Tenere
2,118,Xt 1200Z Super Tenere
2,202,Moby 50
2,202,Joto 135
2,202,Montez 250
2,202,Dunna 600
2,202,Vico
2,118,Fazer Fz6
2,118,Fazer Ys150
2,118,Fazer Fz1
2,118,Yzf 600R
2,118,Yzf R6
2,7,Crf 230/250
2,7,Crf 450
2,7,Nx 650 Dominator
2,7,Cr 250
2,7,Cr 125
2,242,Hb
2,243,Outlander 400
2,243,Outlander 500
2,243,Outlander 650
2,243,Outlander 800R
2,243,Outlander Max 400
2,243,Outlander Max 500
2,243,Outlander Max 650
2,243,Outlander Max 800R
2,243,Outlander Max Ltd 800R
2,243,Renegade 500
2,243,Renegade 800R
2,243,Ds 250
2,243,Ds 450
2,243,Ds 90
2,243,Rt
2,243,Rs
2,143,Ninja 1000
2,143,Ninja 600
2,143,Ninja 300
2,143,Ninja 1100
2,143,Ninja 900
2,143,Ninja 700
2,143,Ninja 1200
2,143,Z1000
2,143,Z750
2,143,Z800
2,143,Versys City
2,143,Versys Grand Tourer
2,143,Versys Tourer
2,143,Versys 1000
2,143,Kx 450/500
2,143,Kx 250
2,143,Kx 65/85
2,143,Klx 400/450
2,143,Klx 250/300
2,118,Tmax
2,118,Yfm 700R
2,118,Grizzly
2,237,50 Sx
2,237,65 Sx
2,237,85 Sx
2,237,125 Sx
2,237,150 Sx
2,237,250 Sx
2,237,350 Sx
2,237,450 Sx-F
2,237,350 Exc
2,237,500 Exc
2,237,150 Xc
2,237,250 Xc
2,237,300 Xc
2,237,450 Xc-F/W
2,237,200 Xc
2,237,690 Enduro R
2,237,1190 Adventure
2,237,990 Sm T
2,237,990 Adventure Baja
2,237,690 Duke
2,237,1190 Rc8 R
2,244,Acx 250F
2,244,Hotzoo Sport 90
2,244,Sportlander 150R
2,244,Sportlander 250Xr
2,244,Sportlander 350Zx
2,244,Sportlander 450Tr
2,244,Quadrilander 300
2,244,Quadrilander 400
2,244,Quadrilander 600
2,244,Frontlander 500
2,244,Frontlander 800 Efi
2,237,525 Xc
2,237,505 Sx
2,237,450 Xc
2,237,450 Sx
2,116,Venice 50
2,116,Liberty 50
2,116,Bike 50
2,116,Jet 125
2,116,Custom 250
2,116,Discover 250
2,144,Rzr 570
2,144,Rzr 800
2,144,Rzr 800 Xc
2,144,Rzr S 800
2,144,Rzr 900
2,144,Rzr Xp 1000
2,144,Rzr 4 800
2,144,Rzr 4 900
2,144,Rzr 4 1000
2,144,Ranger 6X6
2,144,Ranger 800
2,144,Ranger Diesel
2,144,Ranger Xp 900
2,144,Ranger 400
2,144,Ranger 570
2,144,Ranger 800 Midsize
2,144,Ranger Ev
2,144,Ranger Crew 570
2,144,Ranger Crew 800
2,144,Ranger Crew Diesel
2,144,Ranger Crew 900
2,144,Sportsman 550 Eps
2,144,Sportsman 570
2,144,Sportsman 400 Ho
2,144,Sportsman Wv850 Ho
2,144,Sportsman Xp 850
2,144,Sportsman 800 Efi
2,144,Sportsman Big Boss 6X6 800
2,144,Scrambler Xp 850 Ho
2,144,Scrambler Xp 1000 Eps
2,144,Sportsman Touring 850
2,144,Sportsman Touring 570
2,144,Sportsman Touring 550
2,144,Sportsman X2 550
2,144,Phoenix 200
2,144,Rzr 170
2,144,Outlaw 90
2,144,Sportsman 90
2,144,Outlaw 50
2,144,Brutus
2,245,Cross Roads 8-Ball
2,245,Cross Roads Classic
2,245,Cross Country 8-Ball
2,245,Cross Country
2,245,Ness Cross Country
2,245,Vision Tour
2,245,Cross Country Tour
2,245,Cross Country Tour Anniversary
2,245,Vegas 8-Ball
2,245,High-Ball
2,245,Hammer 8-Ball
2,245,Boardwalk
2,245,Jackpot
2,245,Judge
2,245,Zach Ness Cross Country
2,245,Hard-Ball
2,245,Ness Vision
2,245,Cory Ness Cross Country Tour
2,246,Chief Classic
2,246,Chief Vintage
2,246,Chieftain
2,85,Cool Star 125
2,85,X3
2,85,Jojo 110
2,85,Cc125
2,85,Cc150
2,85,Kp150F
2,85,Lf100
2,85,Pk125
2,85,Power King
2,85,Cross
2,85,Glow 110S
2,85,Kp150
2,85,Power Man 250
2,85,Hiker
2,85,Iv
2,85,Steed 250
2,85,Traveller
2,85,Tb125
2,85,Pk110F
2,85,Lf125
2,85,Lf125
2,247,F2 Plus
2,247,Super F2
2,247,Super F1
2,247,Super F3
2,247,Bvx 125
2,247,Bvx 130 Street
2,247,Bvx 150 S1
2,247,Tr 150 D6
2,247,Ax 200
2,247,Bvx 200
2,247,Bx 260
2,247,Br 250 D1
2,247,Cargo 260
2,117,Comet Gt 250
2,117,Comet Gt-R 250
2,118,Rd 50
2,118,Dt 50
2,118,Mt-01
2,118,Fz-09
2,118,Mt-07
2,118,Fzr600
2,118,Fzr400
2,118,Fzr250
2,118,Xs500
2,118,Xs650
2,118,Xs750
2,118,Xs850
2,118,Xs1100
2,118,Sr500
2,118,Srx 400
2,118,Srx 600
2,118,V-Max 1680
2,118,Fjr1300
2,118,Xtz 750 Super Tenere
2,118,Xt 600
2,118,Virago 400
2,118,Virago 535
2,118,Virago 750
2,118,Virago 1400
2,118,Xz 550
2,118,Yzr 500
2,118,Wr 450F
2,118,Tz 250
2,118,Yz 125
2,118,Yz 250
2,118,Yz 450
2,118,Tx500
2,118,Xr 180
2,118,Tt 125
2,143,Er-5
2,172,Cvo
2,155,Alpina
2,155,Apolo
2,155,Nevada
2,155,Winstar
2,155,Elektra
2,155,Texana
2,155,Altino
2,155,Aquila
2,155,Daystar Routier
3,13,Hr
3,4,1113
3,4,1214
3,4,1318
3,4,1519
3,4,1614
3,4,1620
3,26,7000D
3,4,709
3,4,710
3,4,912
3,4,2000
3,141,Trailer
3,12,F-12000
3,2,Mascarello
3,2,Granmicro
3,214,Onibus
3,216,Guindaste
3,216,Empilhadeira
3,206,112
3,26,10000
3,26,13000
3,26,14000
3,26,1600
3,26,1800
3,26,4500
3,26,5000
3,26,6000
3,26,7000
3,26,7500
3,26,8000
3,26,8500
3,26,8700
3,26,9200
3,1,D-12000
3,1,D-13000
3,1,D-14000
3,1,19000
3,1,21000
3,1,22000
3,1,D-6000
3,1,C-60
3,1,D-40
3,1,D-60
3,1,D-70
3,54,Jbc
3,54,N601
3,54,N900
3,3,190
3,12,Cargo
3,12,F-11000
3,12,F-13000
3,12,F-14000
3,12,F-16000
3,12,F-19000
3,12,F-2000
3,12,F-21000
3,12,F-22000
3,12,F-350
3,12,F-4
3,12,F-4000
3,12,F-7000
3,12,F-Maxx
3,1,12-170
3,1,14-190
3,1,15-190
3,1,16-220
3,1,3500
3,1,32994
3,1,6-100
3,1,6-150
3,1,7-110
3,13,Hd78
3,72,Cityclass
3,72,Cursor
3,72,Daily
3,72,Eurocargo
3,72,Eurotech
3,72,Eurotrakker
3,72,Powerstar
3,72,Stralis
3,72,Tector
3,72,Trakker
3,72,Vertis
3,219,Tgx
3,4,1114
3,4,1215
3,4,1218
3,4,1414
3,4,1420
3,4,1714
3,4,1720
3,4,1721
3,4,1723
3,4,1938
3,4,1944-S
3,4,2038
3,4,2418
3,4,2423
3,4,2638
3,4,2726
3,4,608
3,4,708
3,4,712
3,4,914
3,4,Accelo
3,4,Actros
3,4,Atego
3,4,Atilis
3,4,Atron
3,4,Axor
3,4,L-1117
3,4,L-1118
3,4,L-1313
3,4,L-1314
3,4,L-1317
3,4,L-1319
3,4,L-1514
3,4,L-1517
3,4,1520
3,4,L-2014
3,4,L-2017
3,4,L-2213
3,4,L-2214
3,4,L-2215
3,4,L-2216
3,4,L-2217
3,4,L-2220
3,4,L-2225
3,4,L-2314
3,4,L-2318
3,4,L-2325
3,4,2635
3,4,Ls-1632
3,4,Ls-1941
3,220,Durastar
3,220,International
3,109,7900
3,109,9000
3,109,914
3,120,R-112
3,120,R-142
3,120,T-112
3,120,T-142
3,206,380
3,206,400
3,206,420
3,206,440
3,206,470
3,206,480
3,206,111
3,206,141
3,206,114
3,206,230
3,206,P-250
3,206,P-270
3,206,P-310
3,206,P-340
3,206,93
3,206,94
3,206,143
3,206,164
3,206,R-500
3,206,R-560
3,206,R-580
3,206,R-620
3,221,Howo
3,2,11-130
3,2,11-140
3,2,12-170
3,2,12-180
3,2,13-130
3,2,13-150
3,2,13-170
3,2,14-140
3,2,14-150
3,2,14-170
3,2,14-180
3,2,14-200
3,2,14-210
3,2,14-220
3,2,15-170
3,2,16-170
3,2,16-200
3,2,16-210
3,2,16-220
3,2,16-300
3,2,17-180
3,2,17-210
3,2,17-220
3,2,17-280
3,2,17-300
3,2,17-310
3,2,17-330
3,2,18-310
3,2,19-330
3,2,19-390
3,2,22-140
3,2,22-160
3,2,22-210
3,2,23-210
3,2,23-220
3,2,23-250
3,2,23-310
3,2,24-220
3,2,24-280
3,2,24-330
3,2,25-390
3,2,26-220
3,2,26-280
3,2,26-300
3,2,26-310
3,2,26-390
3,2,31-280
3,2,31-310
3,2,31-330
3,2,31-390
3,2,35-300
3,2,40-300
3,2,29373
3,2,33025
3,2,7-100
3,2,7-110
3,2,33055
3,2,8-100
3,2,8-120
3,2,8-140
3,2,L-80
3,47,Fh Series
3,47,Fh Globetrotter Series
3,47,Fm Series
3,47,Fmx Series
3,47,N Series
3,47,Nh Series
3,47,Nl Series
3,47,Vm Series
3,2,11-160
3,2,12-140
3,2,17-230
3,2,24-230
3,2,28-440
3,2,29-440
3,2,31-440
3,2,33-440
3,2,16-180
3,2,17-240
3,2,17-260
3,2,18-320
3,2,18-330
3,2,15-210
3,4,1516
3,4,1935
3,4,2555
3,4,0-400
3,224,Bi-Trem
3,225,Bitrem
3,4,1513
3,1,D-1200
3,12,F-3500
3,12,F-600
3,4,2219
3,4,1313
3,72,35-10
3,1,Marta-Rocha
3,4,1929
3,206,124
3,4,1618
3,4,1934
3,4,1924
3,4,1634
3,12,F-400
3,218,Motor-Home
3,227,Pa Carregadeira
3,214,Micro-Onibus
3,206,113
3,4,1525
3,4,2621
3,3,210
3,206,110
3,206,Lk-140
3,206,L-80
3,206,B-110
3,206,Br-115
3,206,B-111
3,206,Br-116
3,206,81
3,206,82
3,206,92
3,206,142
3,206,144
3,206,L-71
3,206,L-75
3,206,L-76
3,206,P-330
3,12,F-750
3,4,1625
3,4,2013
3,4,312
3,72,80S
3,12,F-6
3,206,490
3,59,180
3,4,1622
3,4,1524
3,4,1630
3,4,1932
3,4,1316
3,206,133
3,1,Matra
3,4,1111
3,1,Coe
3,12,Coe
3,3,130
3,12,F-8
3,2,Constellation
3,2,Delivery
3,2,Worker
3,4,321
3,4,1317
3,3,180
3,216,Escavadeira
3,216,Munck
3,216,Guincho
3,216,Carregadeira
3,216,Motoniveladora
3,4,2213
3,216,Tanque
3,216,Poliguindaste
3,4,1621
3,12,F-8000
3,219,24250
3,4,1632
3,216,Perfuratriz
3,4,180
3,4,1517
3,1,C-65
3,1,D-11000
3,1,D-65
3,47,Fl Series
